Workbook

Sheet لوحة المالك
A1: صالون أبو يوسف | لوحة تحكم المالك
A2: قالب تقارير مالي وإداري — البيانات لا تتصل تلقائيًا بالمشروع في هذه النسخة
A4: الفترة من | C4: الفترة إلى
A6: إجمالي المبيعات | B6: ='المبيعات والأرباح'!B4 | C6: تكلفة المنتجات المباعة | D6: ='المبيعات والأرباح'!B5 | E6: المصروفات | F6: ='المبيعات والأرباح'!B6 | G6: صافي الربح | H6: ='المبيعات والأرباح'!B9
A9: عدد الفواتير | B9: ='المبيعات والأرباح'!B10 | C9: عدد العملاء | D9: ='العملاء والخدمات'!B4 | E9: رصيد الخزنة الختامي | F9: ='الخزنة والمدفوعات'!B7 | G9: فروق التسوية | H9: ='الخزنة والمدفوعات'!B8
A12: مهم: الأرقام لا تصبح فعلية إلا بعد استيراد بيانات المشروع ومطابقة المعادلات. لا تُدخل بيانات عملاء حقيقية في نسخة تجريبية مشتركة.

Sheet المبيعات والأرباح
A1: المبيعات والأرباح
A2: أدخل/استورد صفًا لكل فاتورة. يجب مطابقة تعريف المبيعات والتكاليف مع دوال المشروع قبل استخدام النتائج رسميًا.
A4: إجمالي المبيعات | B4: =SUM(G13:G1012)
A5: تكلفة المنتجات المباعة | B5: =SUM(H13:H1012)
A6: المصروفات | B6: =SUM(I13:I1012)
A7: عمولات الموظفين | B7: =SUM(J13:J1012)
A8: رواتب ومكافآت صافية ضمن التكلفة | B8: =SUM(K13:K1012)
A9: صافي الربح التقديري | B9: =B4-B5-B6-B7-B8
A10: عدد الفواتير | B10: =COUNTIF(A13:A1012,"<>")
A11: تنبيه | B11: الصافي هنا تقديري على البيانات المدخلة؛ لا تعتمد عليه رسميًا قبل مطابقة منطق full_report والتكاليف التاريخية.
A12: رقم الفاتورة | B12: التاريخ | C12: العميل/معرّف العميل | D12: الحلاق | E12: حالة الفاتورة | F12: وسيلة الدفع | G12: المبيعات المعتمدة | H12: تكلفة المنتجات | I12: مصروفات الفترة المرتبطة | J12: العمولات | K12: الرواتب/المكافآت ضمن التكلفة | L12: ملاحظات

Sheet حسابات الحلاقين
A1: حسابات الحلاقين
A2: للتقرير المستورد من النظام أو سجل تجريبي؛ افصل العمولات عن السلف والسحوبات لتجنب احتسابها كمصروف مرتين.
A4: التاريخ | B4: معرّف الموظف | C4: اسم الحلاق | D4: إيراد الخدمات | E4: العمولة | F4: راتب/مكافأة | G4: سلفة/سحب | H4: خصم | I4: مستحقات تقديرية | J4: نوع الحركة | K4: رقم مرجعي | L4: ملاحظات
I5: =F5+E5-H5
I6: =F6+E6-H6
I7: =F7+E7-H7
I8: =F8+E8-H8
I9: =F9+E9-H9
I10: =F10+E10-H10
I11: =F11+E11-H11
I12: =F12+E12-H12
I13: =F13+E13-H13
I14: =F14+E14-H14
I15: =F15+E15-H15
I16: =F16+E16-H16
... I1004: =F1004+E1004-H1004

Sheet الحضور
A1: الحضور والانضباط
A2: لا يُحتسب التأخير تلقائيًا إلا إذا كانت أوقات الوردية والحد المسموح به معروفة ومستوردة.
A4: التاريخ | B4: معرّف الموظف | C4: اسم الموظف | D4: الوردية من | E4: الوردية إلى | F4: وقت الحضور | G4: وقت الانصراف | H4: دقائق التأخير | I4: الحالة | J4: ملاحظات

Sheet المخزون
A1: المخزون واستهلاك المنتجات
A2: استهلاك المنتج الفعلي يحتاج حركات مخزون موثقة؛ لا تفترض أن كل خدمة تستهلك كمية ثابتة دون إعداد معتمد.
A4: التاريخ | B4: كود المنتج | C4: اسم المنتج | D4: نوع الحركة | E4: الكمية الواردة (+) | F4: الكمية المنصرفة (-) | G4: الرصيد بعد الحركة | H4: تكلفة الوحدة | I4: قيمة الحركة | J4: مرجع الحركة | K4: ملاحظات
G5: =IF(AND(E5="",F5=""),"",E5-F5) | I5: =IF(OR(G5="",H5=""),"",ABS(G5*H5))
G6: =IF(AND(E6="",F6=""),"",E6-F6) | I6: =IF(OR(G6="",H6=""),"",ABS(G6*H6))
G7: =IF(AND(E7="",F7=""),"",E7-F7) | I7: =IF(OR(G7="",H7=""),"",ABS(G7*H7))
G8: =IF(AND(E8="",F8=""),"",E8-F8) | I8: =IF(OR(G8="",H8=""),"",ABS(G8*H8))
G9: =IF(AND(E9="",F9=""),"",E9-F9) | I9: =IF(OR(G9="",H9=""),"",ABS(G9*H9))
G10: =IF(AND(E10="",F10=""),"",E10-F10) | I10: =IF(OR(G10="",H10=""),"",ABS(G10*H10))
G11: =IF(AND(E11="",F11=""),"",E11-F11) | I11: =IF(OR(G11="",H11=""),"",ABS(G11*H11))
G12: =IF(AND(E12="",F12=""),"",E12-F12) | I12: =IF(OR(G12="",H12=""),"",ABS(G12*H12))
G13: =IF(AND(E13="",F13=""),"",E13-F13) | I13: =IF(OR(G13="",H13=""),"",ABS(G13*H13))
G14: =IF(AND(E14="",F14=""),"",E14-F14) | I14: =IF(OR(G14="",H14=""),"",ABS(G14*H14))
G15: =IF(AND(E15="",F15=""),"",E15-F15) | I15: =IF(OR(G15="",H15=""),"",ABS(G15*H15))
G16: =IF(AND(E16="",F16=""),"",E16-F16) | I16: =IF(OR(G16="",H16=""),"",ABS(G16*H16))
... G1004: =IF(AND(E1004="",F1004=""),"",E1004-F1004) | I1004: =IF(OR(G1004="",H1004=""),"",ABS(G1004*H1004))

Sheet العملاء والخدمات
A1: العملاء والخدمات الأكثر طلبًا
A2: سجل لكل بند خدمة في الفاتورة لتحليل عدد مرات الطلب والإيرادات. استخدم معرفًا ثابتًا بدل بيانات شخصية غير لازمة.
A4: عدد العملاء/المعرفات | B4: =SUMPRODUCT((C9:C1008<>"")/COUNTIF(C9:C1008,C9:C1008&"")) | D4: عدد بنود الخدمات | E4: =COUNTIF(A9:A1008,"<>") | G4: إجمالي إيرادات الخدمات | H4: =SUM(G9:G1008)
A8: رقم الفاتورة | B8: التاريخ | C8: معرّف العميل | D8: اسم/كود الخدمة | E8: الحلاق | F8: الكمية | G8: إيراد الخدمة | H8: حالة الفاتورة | I8: ملاحظات

Sheet الخزنة والمدفوعات
A1: الخزنة وتسوية وسائل الدفع
A2: قارن المبالغ المتوقعة بالرصيد الفعلي لكل يوم وطريقة دفع. لا تخلط المبيعات بإيداعات أو سحوبات الخزنة.
A4: إجمالي النقدي المتوقع | B4: =SUM(B13:B1012)
A5: إجمالي النقدي الفعلي | B5: =SUM(C13:C1012)
A6: إجمالي الإضافات/السحوبات الصافية | B6: =SUM(D13:D1012)-SUM(E13:E1012)
A7: رصيد الخزنة الختامي | B7: =SUM(C13:C1012)
A8: إجمالي فرق التسوية | B8: =SUM(F13:F1012)
A12: التاريخ | B12: النقدي المتوقع | C12: النقدي الفعلي | D12: إضافات الخزنة | E12: سحوبات الخزنة | F12: فرق التسوية | G12: بطاقات | H12: محافظ إلكترونية | I12: تحويلات | J12: ملاحظات
F13: =IF(OR(B13="",C13=""),"",C13-B13)
F14: =IF(OR(B14="",C14=""),"",C14-B14)
F15: =IF(OR(B15="",C15=""),"",C15-B15)
F16: =IF(OR(B16="",C16=""),"",C16-B16)
F17: =IF(OR(B17="",C17=""),"",C17-B17)
F18: =IF(OR(B18="",C18=""),"",C18-B18)
F19: =IF(OR(B19="",C19=""),"",C19-B19)
F20: =IF(OR(B20="",C20=""),"",C20-B20)
F21: =IF(OR(B21="",C21=""),"",C21-B21)
F22: =IF(OR(B22="",C22=""),"",C22-B22)
F23: =IF(OR(B23="",C23=""),"",C23-B23)
F24: =IF(OR(B24="",C24=""),"",C24-B24)
... F1012: =IF(OR(B1012="",C1012=""),"",C1012-B1012)

Sheet حالة الربط
A1: حالة الربط والتحديث
A2: هذه النسخة لا تحتوي على اتصال حي أو بيانات إنتاج. تُستخدم الصفحة لتوثيق نتيجة التحديث عند إضافة واجهة الربط لاحقًا.
A4: حالة الاتصال | B4: غير متصل — قالب محلي فقط
A5: آخر تحديث ناجح | B5: لم يتم التحديث
A6: الفترة المحملة | B6: غير محددة
A7: مصدر البيانات | B7: سيتم تحديده بعد اعتماد واجهة تقارير آمنة
A8: صلاحية الوصول | B8: المالك فقط — شرط مطلوب للتنفيذ
A9: طريقة التحديث | B9: يدوي من الكمبيوتر/الموبايل إذا دعم الربط ذلك
A10: نتيجة آخر اختبار | B10: لم يُنفذ اختبار اتصال
A11: ملاحظة أمان | B11: لا تضع Service Role Key أو أي مفتاح سري داخل ملف Excel

Sheet تعليمات
A1: تعليمات الاستخدام وحدود النسخة
A2: اقرأ هذه الصفحة قبل استخدام الأرقام لاتخاذ قرارات مالية.
A4: 1 | B4: هذه نسخة Excel جاهزة كبنية وتقارير أولية، لكنها ليست مربوطة مباشرة بـ Supabase.
A5: 2 | B5: لا توجد بيانات حقيقية مستوردة من مشروع صالون أبو يوسف، لذلك الأرقام ستبقى صفرًا/فارغة حتى إدخال أو استيراد البيانات.
A6: 3 | B6: لا تستخدم صافي الربح التقديري في ورقة المبيعات والأرباح كرقم محاسبي معتمد قبل مطابقته مع منطق المشروع الحالي ودالة full_report.
A7: 4 | B7: التحديث من الموبايل والكمبيوتر يعتمد على بناء واجهة تقارير آمنة لاحقًا ودعم Excel لطريقة الاتصال. زر تحديث حي غير متوفر في هذه النسخة.
A8: 5 | B8: يجب أن تفرض واجهة الخادم صلاحية المالك فقط. حماية الورقة أو إخفاؤها وحده لا يكفي لحماية البيانات.
A9: 6 | B9: لا تضع مفاتيح سرية أو Service Role Key في هذا المصنف.
A10: 7 | B10: احتفظ بنسخة خاصة بالمالك فقط، ولا تشارك ملفًا يحتوي على بيانات مالية أو بيانات عملاء.
A11: 8 | B11: كل سجل يجب أن يكون له معرف مرجعي ثابت لتقليل التكرار عند الاستيراد.
A12: 9 | B12: افصل حركات الخزنة عن المبيعات، وافصل سُلف الموظفين عن المصروفات التشغيلية ما لم تنص المعالجة المحاسبية المعتمدة على غير ذلك.
A13: 10 | B13: قبل اعتماد الربح، طابق المبيعات والتكلفة والمصروفات والعمولات والرواتب مع التقرير الأصلي لنفس الفترة، وسجل الفروق وأسبابها.
A14: 11 | B14: لم يتم الاتصال بقاعدة الإنتاج أو تنفيذ SQL أو تعديل المشروع أو نشر تغييرات أثناء إعداد هذا الملف.
